name,label
Flowering_plants/00000092.jpg,Flowering_plants
Flowering_plants/00000375.jpg,Flowering_plants
Flowering_plants/00000165.jpg,Flowering_plants
Flowering_plants/00000009.jpg,Flowering_plants
Flowering_plants/00000058.jpg,Flowering_plants
Flowering_plants/00000244.jpg,Flowering_plants
Flowering_plants/00000016.jpg,Flowering_plants
Flowering_plants/00000293.jpg,Flowering_plants
Flowering_plants/00000048.jpg,Flowering_plants
Flowering_plants/00000328.jpg,Flowering_plants
Flowering_plants/00000317.jpg,Flowering_plants
Flowering_plants/00000110.jpg,Flowering_plants
Flowering_plants/00000146.JPG,Flowering_plants
Flowering_plants/00000138.jpg,Flowering_plants
Flowering_plants/00000360.jpg,Flowering_plants
Flowering_plants/00000394.png,Flowering_plants
Flowering_plants/00000226.jpg,Flowering_plants
Flowering_plants/00000256.jpg,Flowering_plants
Flowering_plants/00000273.jpg,Flowering_plants
Flowering_plants/00000235.jpg,Flowering_plants
Flowering_plants/00000310.jpg,Flowering_plants
Flowering_plants/00000069.jpg,Flowering_plants
Flowering_plants/00000125.jpg,Flowering_plants
Flowering_plants/00000191.jpg,Flowering_plants
Flowering_plants/00000204.jpg,Flowering_plants
Flowering_plants/00000236.jpg,Flowering_plants
Flowering_plants/00000034.jpg,Flowering_plants
Flowering_plants/00000060.jpg,Flowering_plants
Flowering_plants/00000161.jpg,Flowering_plants
Flowering_plants/00000378.jpg,Flowering_plants
Flowering_plants/00000056.jpg,Flowering_plants
Flowering_plants/00000041.jpg,Flowering_plants
Flowering_plants/00000029.jpg,Flowering_plants
Flowering_plants/00000238.jpg,Flowering_plants
Flowering_plants/00000150.jpg,Flowering_plants
Flowering_plants/00000192.jpg,Flowering_plants
Flowering_plants/00000077.jpg,Flowering_plants
Flowering_plants/00000128.jpg,Flowering_plants
Flowering_plants/00000132.jpg,Flowering_plants
Flowering_plants/00000050.jpeg,Flowering_plants
Flowering_plants/00000351.jpg,Flowering_plants
Flowering_plants/00000295.jpg,Flowering_plants
Flowering_plants/00000297.jpg,Flowering_plants
Flowering_plants/00000167.jpg,Flowering_plants
Flowering_plants/00000369.jpg,Flowering_plants
Flowering_plants/00000120.jpeg,Flowering_plants
Flowering_plants/00000324.jpg,Flowering_plants
Flowering_plants/00000396.jpg,Flowering_plants
Flowering_plants/00000296.jpg,Flowering_plants
Flowering_plants/00000349.jpg,Flowering_plants
Flowering_plants/00000117.jpg,Flowering_plants
Flowering_plants/00000097.jpg,Flowering_plants
Flowering_plants/00000053.jpg,Flowering_plants
Flowering_plants/00000023.jpg,Flowering_plants
Flowering_plants/00000208.jpg,Flowering_plants
Flowering_plants/00000064.jpg,Flowering_plants
Flowering_plants/00000163.jpg,Flowering_plants
Flowering_plants/00000021.jpg,Flowering_plants
Flowering_plants/00000096.jpg,Flowering_plants
Flowering_plants/00000094.jpg,Flowering_plants
Flowering_plants/00000209.jpg,Flowering_plants
Flowering_plants/00000241.jpg,Flowering_plants
Flowering_plants/00000027.JPG,Flowering_plants
Flowering_plants/00000189.jpg,Flowering_plants
Flowering_plants/00000090.jpg,Flowering_plants
Flowering_plants/00000322.jpg,Flowering_plants
Flowering_plants/00000164.jpg,Flowering_plants
Flowering_plants/00000206.jpg,Flowering_plants
Flowering_plants/00000213.jpg,Flowering_plants
Flowering_plants/00000285.jpg,Flowering_plants
Flowering_plants/00000139.jpg,Flowering_plants
Flowering_plants/00000243.jpg,Flowering_plants
Flowering_plants/00000001.jpg,Flowering_plants
Flowering_plants/00000272.jpg,Flowering_plants
Flowering_plants/00000347.jpg,Flowering_plants
Flowering_plants/00000087.jpg,Flowering_plants
Flowering_plants/00000223.jpg,Flowering_plants
Flowering_plants/00000168.jpg,Flowering_plants
Flowering_plants/00000391.jpg,Flowering_plants
Flowering_plants/00000079.jpg,Flowering_plants
Flowering_plants/00000178.jpg,Flowering_plants
Flowering_plants/00000121.jpg,Flowering_plants
Flowering_plants/00000368.jpg,Flowering_plants
Flowering_plants/00000010.jpg,Flowering_plants
Flowering_plants/00000142.jpg,Flowering_plants
Flowering_plants/00000072.jpg,Flowering_plants
Flowering_plants/00000380.jpg,Flowering_plants
Flowering_plants/00000111.jpg,Flowering_plants
Flowering_plants/00000373.jpg,Flowering_plants
Flowering_plants/00000155.Jpg,Flowering_plants
Flowering_plants/00000260.jpg,Flowering_plants
Flowering_plants/00000084.jpg,Flowering_plants
Flowering_plants/00000093.jpg,Flowering_plants
Flowering_plants/00000316.jpg,Flowering_plants
Flowering_plants/00000214.jpg,Flowering_plants
Flowering_plants/00000107.jpg,Flowering_plants
Flowering_plants/00000247.jpg,Flowering_plants
Flowering_plants/00000145.jpg,Flowering_plants
Flowering_plants/00000105.jpg,Flowering_plants
Flowering_plants/00000309.JPG,Flowering_plants
Flowering_plants/00000315.jpg,Flowering_plants
Flowering_plants/00000325.jpg,Flowering_plants
Flowering_plants/00000002.jpg,Flowering_plants
Flowering_plants/00000261.jpg,Flowering_plants
Flowering_plants/00000018.jpeg,Flowering_plants
Flowering_plants/00000089.jpg,Flowering_plants
Flowering_plants/00000227.jpg,Flowering_plants
Flowering_plants/00000341.jpg,Flowering_plants
Flowering_plants/00000006.jpg,Flowering_plants
Flowering_plants/00000083.jpg,Flowering_plants
Flowering_plants/00000037.jpg,Flowering_plants
Flowering_plants/00000181.jpg,Flowering_plants
Flowering_plants/00000290.jpg,Flowering_plants
Flowering_plants/00000004.jpg,Flowering_plants
Flowering_plants/00000398.jpg,Flowering_plants
Flowering_plants/00000057.jpg,Flowering_plants
Flowering_plants/00000114.jpg,Flowering_plants
Flowering_plants/00000306.jpg,Flowering_plants
Flowering_plants/00000177.jpg,Flowering_plants
Flowering_plants/00000376.jpg,Flowering_plants
Flowering_plants/00000358.jpg,Flowering_plants
Flowering_plants/00000166.jpg,Flowering_plants
Flowering_plants/00000340.jpg,Flowering_plants
Flowering_plants/00000387.jpg,Flowering_plants
Flowering_plants/00000013.jpg,Flowering_plants
Flowering_plants/00000299.jpg,Flowering_plants
Flowering_plants/00000232.jpg,Flowering_plants
Flowering_plants/00000054.jpg,Flowering_plants
Flowering_plants/00000172.jpg,Flowering_plants
Flowering_plants/00000106.jpg,Flowering_plants
Flowering_plants/00000115.jpg,Flowering_plants
Flowering_plants/00000129.jpg,Flowering_plants
Flowering_plants/00000270.jpg,Flowering_plants
Flowering_plants/00000259.jpg,Flowering_plants
Flowering_plants/00000356.jpg,Flowering_plants
Flowering_plants/00000253.jpg,Flowering_plants
Flowering_plants/00000007.jpg,Flowering_plants
Flowering_plants/00000076.jpg,Flowering_plants
Flowering_plants/00000381.jpg,Flowering_plants
Flowering_plants/00000350.jpg,Flowering_plants
Flowering_plants/00000383.jpg,Flowering_plants
Flowering_plants/00000303.jpg,Flowering_plants
Flowering_plants/00000136.jpg,Flowering_plants
Flowering_plants/00000342.jpg,Flowering_plants
Flowering_plants/00000044.jpg,Flowering_plants
Flowering_plants/00000188.jpg,Flowering_plants
Flowering_plants/00000377.jpg,Flowering_plants
Flowering_plants/00000144.jpg,Flowering_plants
Flowering_plants/00000220.jpg,Flowering_plants
Flowering_plants/00000386.jpeg,Flowering_plants
Flowering_plants/00000288.jpg,Flowering_plants
Flowering_plants/00000011.jpg,Flowering_plants
Flowering_plants/00000141.jpg,Flowering_plants
Flowering_plants/00000075.jpg,Flowering_plants
Flowering_plants/00000230.jpg,Flowering_plants
Flowering_plants/00000201.jpg,Flowering_plants
Flowering_plants/00000318.jpg,Flowering_plants
Flowering_plants/00000304.jpg,Flowering_plants
Flowering_plants/00000335.jpg,Flowering_plants
Flowering_plants/00000066.jpg,Flowering_plants
Flowering_plants/00000086.jpg,Flowering_plants
Flowering_plants/00000182.jpg,Flowering_plants
Flowering_plants/00000371.jpg,Flowering_plants
Flowering_plants/00000336.jpg,Flowering_plants
Flowering_plants/00000337.png,Flowering_plants
Flowering_plants/00000372.jpg,Flowering_plants
Flowering_plants/00000148.jpg,Flowering_plants
Flowering_plants/00000020.jpg,Flowering_plants
Flowering_plants/00000312.jpg,Flowering_plants
Flowering_plants/00000346.jpg,Flowering_plants
Flowering_plants/00000059.jpg,Flowering_plants
Flowering_plants/00000147.jpg,Flowering_plants
Flowering_plants/00000298.jpg,Flowering_plants
Flowering_plants/00000331.jpg,Flowering_plants
Flowering_plants/00000051.jpg,Flowering_plants
Flowering_plants/00000274.jpg,Flowering_plants
Flowering_plants/00000361.JPG,Flowering_plants
Flowering_plants/00000196.jpg,Flowering_plants
Flowering_plants/00000104.jpg,Flowering_plants
Flowering_plants/00000319.jpg,Flowering_plants
Flowering_plants/00000268.jpg,Flowering_plants
Flowering_plants/00000389.jpg,Flowering_plants
Flowering_plants/00000134.jpg,Flowering_plants
Flowering_plants/00000095.jpg,Flowering_plants
Flowering_plants/00000133.jpg,Flowering_plants
Flowering_plants/00000329.jpg,Flowering_plants
Flowering_plants/00000123.jpg,Flowering_plants
Flowering_plants/00000332.jpg,Flowering_plants
Flowering_plants/00000263.jpg,Flowering_plants
Flowering_plants/00000130.jpg,Flowering_plants
Flowering_plants/00000003.jpg,Flowering_plants
Flowering_plants/00000216.jpg,Flowering_plants
Flowering_plants/00000151.jpg,Flowering_plants
Flowering_plants/00000275.jpg,Flowering_plants
Flowering_plants/00000307.jpg,Flowering_plants
Flowering_plants/00000101.jpg,Flowering_plants
Flowering_plants/00000052.jpg,Flowering_plants
Flowering_plants/00000186.jpg,Flowering_plants
Flowering_plants/00000334.jpg,Flowering_plants
Flowering_plants/00000175.jpg,Flowering_plants
Flowering_plants/00000219.jpg,Flowering_plants
Flowering_plants/00000240.jpg,Flowering_plants
Flowering_plants/00000126.jpeg,Flowering_plants
Flowering_plants/00000157.jpg,Flowering_plants
Flowering_plants/00000353.jpg,Flowering_plants
Flowering_plants/00000229.jpg,Flowering_plants
Flowering_plants/00000061.jpg,Flowering_plants
Flowering_plants/00000019.jpg,Flowering_plants
Flowering_plants/00000388.jpg,Flowering_plants
Flowering_plants/00000149.jpg,Flowering_plants
Flowering_plants/00000035.jpg,Flowering_plants
Flowering_plants/00000108.jpg,Flowering_plants
Flowering_plants/00000280.jpg,Flowering_plants
Flowering_plants/00000277.jpg,Flowering_plants
Flowering_plants/00000225.jpg,Flowering_plants
Flowering_plants/00000005.jpg,Flowering_plants
Flowering_plants/00000327.Jpg,Flowering_plants
Flowering_plants/00000278.jpg,Flowering_plants
Flowering_plants/00000143.jpg,Flowering_plants
Flowering_plants/00000036.jpg,Flowering_plants
Flowering_plants/00000254.jpg,Flowering_plants
Flowering_plants/00000257.jpg,Flowering_plants
Flowering_plants/00000367.jpg,Flowering_plants
Flowering_plants/00000233.jpg,Flowering_plants
Flowering_plants/00000326.jpg,Flowering_plants
Flowering_plants/00000113.jpg,Flowering_plants
Flowering_plants/00000085.jpg,Flowering_plants
Flowering_plants/00000068.jpg,Flowering_plants
Flowering_plants/00000246.jpg,Flowering_plants
Flowering_plants/00000379.jpg,Flowering_plants
Flowering_plants/00000348.jpg,Flowering_plants
Flowering_plants/00000215.jpg,Flowering_plants
Flowering_plants/00000047.jpeg,Flowering_plants
Flowering_plants/00000354.jpg,Flowering_plants
Flowering_plants/00000183.jpg,Flowering_plants
Flowering_plants/00000160.jpg,Flowering_plants
Flowering_plants/00000100.jpg,Flowering_plants
Flowering_plants/00000176.jpg,Flowering_plants
Flowering_plants/00000251.JPG,Flowering_plants
Flowering_plants/00000081.jpg,Flowering_plants
Flowering_plants/00000365.jpg,Flowering_plants
Flowering_plants/00000116.jpg,Flowering_plants
Flowering_plants/00000224.jpg,Flowering_plants
Flowering_plants/00000015.jpg,Flowering_plants
Flowering_plants/00000049.jpg,Flowering_plants
Flowering_plants/00000198.jpg,Flowering_plants
Flowering_plants/00000074.jpg,Flowering_plants
Flowering_plants/00000039.jpg,Flowering_plants
Flowering_plants/00000210.jpeg,Flowering_plants
Flowering_plants/00000301.jpg,Flowering_plants
Flowering_plants/00000252.jpg,Flowering_plants
Flowering_plants/00000212.jpg,Flowering_plants
Flowering_plants/00000187.png,Flowering_plants
Flowering_plants/00000195.jpg,Flowering_plants
Flowering_plants/00000112.png,Flowering_plants
Flowering_plants/00000300.jpg,Flowering_plants
Conifers/00000092.jpg,Conifers
Conifers/00000124.jpg,Conifers
Conifers/00000375.jpg,Conifers
Conifers/00000165.jpg,Conifers
Conifers/00000320.jpg,Conifers
Conifers/00000009.jpg,Conifers
Conifers/00000058.jpg,Conifers
Conifers/00000202.jpg,Conifers
Conifers/00000244.jpg,Conifers
Conifers/00000016.jpg,Conifers
Conifers/00000328.jpg,Conifers
Conifers/00000394.jpg,Conifers
Conifers/00000251.jpg,Conifers
Conifers/00000110.jpg,Conifers
Conifers/00000190.jpg,Conifers
Conifers/00000138.jpg,Conifers
Conifers/00000360.jpg,Conifers
Conifers/00000204.gif,Conifers
Conifers/00000226.jpg,Conifers
Conifers/00000137.JPG,Conifers
Conifers/00000187.jpg,Conifers
Conifers/00000256.jpg,Conifers
Conifers/00000273.jpg,Conifers
Conifers/00000323.gif,Conifers
Conifers/00000012.jpg,Conifers
Conifers/00000310.jpg,Conifers
Conifers/00000258.jpg,Conifers
Conifers/00000069.jpg,Conifers
Conifers/00000289.jpg,Conifers
Conifers/00000191.jpg,Conifers
Conifers/00000180.jpg,Conifers
Conifers/00000034.jpg,Conifers
Conifers/00000060.jpg,Conifers
Conifers/00000041.jpg,Conifers
Conifers/00000029.jpg,Conifers
Conifers/00000366.jpg,Conifers
Conifers/00000238.jpg,Conifers
Conifers/00000159.jpg,Conifers
Conifers/00000050.JPG,Conifers
Conifers/00000077.jpg,Conifers
Conifers/00000128.jpg,Conifers
Conifers/00000295.jpg,Conifers
Conifers/00000297.jpg,Conifers
Conifers/00000299.png,Conifers
Conifers/00000396.jpg,Conifers
Conifers/00000153.jpg,Conifers
Conifers/00000210.JPG,Conifers
Conifers/00000276.jpg,Conifers
Conifers/00000030.jpg,Conifers
Conifers/00000349.jpg,Conifers
Conifers/00000117.jpg,Conifers
Conifers/00000357.jpg,Conifers
Conifers/00000097.jpg,Conifers
Conifers/00000023.jpg,Conifers
Conifers/00000262.jpg,Conifers
Conifers/00000239.jpg,Conifers
Conifers/00000208.jpg,Conifers
Conifers/00000200.jpg,Conifers
Conifers/00000163.jpg,Conifers
Conifers/00000021.jpg,Conifers
Conifers/00000096.jpg,Conifers
Conifers/00000209.jpg,Conifers
Conifers/00000352.jpg,Conifers
Conifers/00000241.jpg,Conifers
Conifers/00000074.JPG,Conifers
Conifers/00000024.jpg,Conifers
Conifers/00000090.jpg,Conifers
Conifers/00000043.jpg,Conifers
Conifers/00000322.jpg,Conifers
Conifers/00000294.jpg,Conifers
Conifers/00000382.jpg,Conifers
Conifers/00000213.jpg,Conifers
Conifers/00000285.jpg,Conifers
Conifers/00000207.jpg,Conifers
Conifers/00000001.jpg,Conifers
Conifers/00000040.jpg,Conifers
Conifers/00000347.jpg,Conifers
Conifers/00000087.jpg,Conifers
Conifers/00000079.jpg,Conifers
Conifers/00000045.jpg,Conifers
Conifers/00000127.jpg,Conifers
Conifers/00000099.jpg,Conifers
Conifers/00000121.jpg,Conifers
Conifers/00000368.jpg,Conifers
Conifers/00000010.jpg,Conifers
Conifers/00000142.jpg,Conifers
Conifers/00000390.png,Conifers
Conifers/00000266.jpg,Conifers
Conifers/00000331.jpeg,Conifers
Conifers/00000140.jpg,Conifers
Conifers/00000380.jpg,Conifers
Conifers/00000111.jpg,Conifers
Conifers/00000146.jpg,Conifers
Conifers/00000338.JPG,Conifers
Conifers/00000093.jpg,Conifers
Conifers/00000316.jpg,Conifers
Conifers/00000214.jpg,Conifers
Conifers/00000107.jpg,Conifers
Conifers/00000247.jpg,Conifers
Conifers/00000013.JPG,Conifers
Conifers/00000145.jpg,Conifers
Conifers/00000105.jpg,Conifers
Conifers/00000032.jpg,Conifers
Conifers/00000315.jpg,Conifers
Conifers/00000325.jpg,Conifers
Conifers/00000002.jpg,Conifers
Conifers/00000271.jpg,Conifers
Conifers/00000044.png,Conifers
Conifers/00000089.jpg,Conifers
Conifers/00000227.jpg,Conifers
Conifers/00000341.jpg,Conifers
Conifers/00000398.jpg,Conifers
Conifers/00000057.jpg,Conifers
Conifers/00000114.jpg,Conifers
Conifers/00000306.jpg,Conifers
Conifers/00000173.jpg,Conifers
Conifers/00000119.jpg,Conifers
Conifers/00000358.jpg,Conifers
Conifers/00000166.jpg,Conifers
Conifers/00000027.jpg,Conifers
Conifers/00000387.jpg,Conifers
Conifers/00000343.jpg,Conifers
Conifers/00000169.jpg,Conifers
Conifers/00000309.jpg,Conifers
Conifers/00000106.jpg,Conifers
Conifers/00000115.jpg,Conifers
Conifers/00000070.gif,Conifers
Conifers/00000116.png,Conifers
Conifers/00000270.jpg,Conifers
Conifers/00000259.jpg,Conifers
Conifers/00000253.jpg,Conifers
Conifers/00000008.png,Conifers
Conifers/00000311.jpg,Conifers
Conifers/00000007.jpg,Conifers
Conifers/00000381.jpg,Conifers
Conifers/00000067.jpg,Conifers
Conifers/00000350.jpg,Conifers
Conifers/00000078.jpg,Conifers
Conifers/00000383.png,Conifers
Conifers/00000342.jpg,Conifers
Conifers/00000132.JPG,Conifers
Conifers/00000374.jpg,Conifers
Conifers/00000080.jpg,Conifers
Conifers/00000144.jpg,Conifers
Conifers/00000220.jpg,Conifers
Conifers/00000042.jpg,Conifers
Conifers/00000011.jpg,Conifers
Conifers/00000222.jpg,Conifers
Conifers/00000141.jpg,Conifers
Conifers/00000066.jpg,Conifers
Conifers/00000046.jpg,Conifers
Conifers/00000305.jpg,Conifers
Conifers/00000372.jpg,Conifers
Conifers/00000148.jpg,Conifers
Conifers/00000378.JPG,Conifers
Conifers/00000312.jpg,Conifers
Conifers/00000346.jpg,Conifers
Conifers/00000031.jpg,Conifers
Conifers/00000147.jpg,Conifers
Conifers/00000171.JPG,Conifers
Conifers/00000051.jpg,Conifers
Conifers/00000136.JPG,Conifers
Conifers/00000283.jpg,Conifers
Conifers/00000065.jpg,Conifers
Conifers/00000362.jpg,Conifers
Conifers/00000033.jpg,Conifers
Conifers/00000134.jpg,Conifers
Conifers/00000095.jpg,Conifers
Conifers/00000265.jpg,Conifers
Conifers/00000133.jpg,Conifers
Conifers/00000288.JPG,Conifers
Conifers/00000179.jpg,Conifers
Conifers/00000130.jpg,Conifers
Conifers/00000003.jpg,Conifers
Conifers/00000281.jpg,Conifers
Conifers/00000267.jpg,Conifers
Conifers/00000151.jpg,Conifers
Conifers/00000275.jpg,Conifers
Conifers/00000384.jpg,Conifers
Conifers/00000052.jpg,Conifers
Conifers/00000370.jpg,Conifers
Conifers/00000219.jpg,Conifers
Conifers/00000240.jpg,Conifers
Conifers/00000199.jpg,Conifers
Conifers/00000302.jpg,Conifers
Conifers/00000014.jpg,Conifers
Conifers/00000019.jpg,Conifers
Conifers/00000026.png,Conifers
Conifers/00000388.jpg,Conifers
Conifers/00000118.jpg,Conifers
Conifers/00000035.jpg,Conifers
Conifers/00000355.jpg,Conifers
Conifers/00000280.jpg,Conifers
Conifers/00000277.jpg,Conifers
Conifers/00000225.jpg,Conifers
Conifers/00000005.jpg,Conifers
Conifers/00000197.jpg,Conifers
Conifers/00000017.jpg,Conifers
Conifers/00000126.jpg,Conifers
Conifers/00000143.jpg,Conifers
Conifers/00000036.jpg,Conifers
Conifers/00000257.jpg,Conifers
Conifers/00000109.jpg,Conifers
Conifers/00000233.jpg,Conifers
Conifers/00000068.jpg,Conifers
Conifers/00000246.jpg,Conifers
Conifers/00000249.jpg,Conifers
Conifers/00000379.jpg,Conifers
Conifers/00000385.jpg,Conifers
Conifers/00000091.jpg,Conifers
Conifers/00000287.jpg,Conifers
Conifers/00000100.jpg,Conifers
Conifers/00000218.jpg,Conifers
Conifers/00000000.jpg,Conifers
Conifers/00000231.jpg,Conifers
Conifers/00000062.png,Conifers
Conifers/00000224.jpg,Conifers
Conifers/00000015.jpg,Conifers
Conifers/00000397.jpg,Conifers
Conifers/00000198.jpg,Conifers
Conifers/00000025.jpg,Conifers
Conifers/00000252.jpg,Conifers
Conifers/00000212.jpg,Conifers
Conifers/00000300.jpg,Conifers
Cycads/00000279.jpg,Cycads
Cycads/00000165.jpg,Cycads
Cycads/00000009.jpg,Cycads
Cycads/00000058.jpg,Cycads
Cycads/00000202.jpg,Cycads
Cycads/00000016.jpg,Cycads
Cycads/00000293.jpg,Cycads
Cycads/00000291.jpg,Cycads
Cycads/00000048.jpg,Cycads
Cycads/00000190.jpg,Cycads
Cycads/00000187.jpg,Cycads
Cycads/00000256.jpg,Cycads
Cycads/00000273.jpg,Cycads
Cycads/00000122.jpg,Cycads
Cycads/00000228.jpg,Cycads
Cycads/00000063.png,Cycads
Cycads/00000012.jpg,Cycads
Cycads/00000069.jpg,Cycads
Cycads/00000125.jpg,Cycads
Cycads/00000289.jpg,Cycads
Cycads/00000180.jpg,Cycads
Cycads/00000236.jpg,Cycads
Cycads/00000034.jpg,Cycads
Cycads/00000060.jpg,Cycads
Cycads/00000161.jpg,Cycads
Cycads/00000056.jpg,Cycads
Cycads/00000041.jpg,Cycads
Cycads/00000253.JPG,Cycads
Cycads/00000029.jpg,Cycads
Cycads/00000238.jpg,Cycads
Cycads/00000192.jpg,Cycads
Cycads/00000184.jpg,Cycads
Cycads/00000077.jpg,Cycads
Cycads/00000297.jpg,Cycads
Cycads/00000167.jpg,Cycads
Cycads/00000028.jpg,Cycads
Cycads/00000153.jpg,Cycads
Cycads/00000163.png,Cycads
Cycads/00000296.jpg,Cycads
Cycads/00000276.jpg,Cycads
Cycads/00000030.jpg,Cycads
Cycads/00000131.jpg,Cycads
Cycads/00000194.jpg,Cycads
Cycads/00000239.jpg,Cycads
Cycads/00000208.jpg,Cycads
Cycads/00000200.jpg,Cycads
Cycads/00000021.jpg,Cycads
Cycads/00000096.jpg,Cycads
Cycads/00000241.jpg,Cycads
Cycads/00000024.jpg,Cycads
Cycads/00000164.jpg,Cycads
Cycads/00000213.jpg,Cycads
Cycads/00000285.jpg,Cycads
Cycads/00000207.jpg,Cycads
Cycads/00000274.jpeg,Cycads
Cycads/00000001.jpg,Cycads
Cycads/00000272.jpg,Cycads
Cycads/00000040.jpg,Cycads
Cycads/00000087.jpg,Cycads
Cycads/00000229.JPG,Cycads
Cycads/00000292.jpg,Cycads
Cycads/00000079.jpg,Cycads
Cycads/00000045.jpg,Cycads
Cycads/00000178.jpg,Cycads
Cycads/00000127.jpg,Cycads
Cycads/00000135.png,Cycads
Cycads/00000099.jpg,Cycads
Cycads/00000121.jpg,Cycads
Cycads/00000142.jpg,Cycads
Cycads/00000140.jpg,Cycads
Cycads/00000111.jpg,Cycads
Cycads/00000260.jpg,Cycads
Cycads/00000084.jpg,Cycads
Cycads/00000107.jpg,Cycads
Cycads/00000145.jpg,Cycads
Cycads/00000105.jpg,Cycads
Cycads/00000098.jpg,Cycads
Cycads/00000221.jpg,Cycads
Cycads/00000261.jpg,Cycads
Cycads/00000083.jpg,Cycads
Cycads/00000264.jpg,Cycads
Cycads/00000181.jpg,Cycads
Cycads/00000290.jpg,Cycads
Cycads/00000162.jpg,Cycads
Cycads/00000046.gif,Cycads
Cycads/00000057.jpg,Cycads
Cycads/00000114.jpg,Cycads
Cycads/00000173.jpg,Cycads
Cycads/00000177.jpg,Cycads
Cycads/00000119.jpg,Cycads
Cycads/00000166.jpg,Cycads
Cycads/00000027.jpg,Cycads
Cycads/00000232.jpg,Cycads
Cycads/00000169.jpg,Cycads
Cycads/00000054.jpg,Cycads
Cycads/00000172.jpg,Cycads
Cycads/00000206.png,Cycads
Cycads/00000088.JPG,Cycads
Cycads/00000259.jpg,Cycads
Cycads/00000007.jpg,Cycads
Cycads/00000076.jpg,Cycads
Cycads/00000067.jpg,Cycads
Cycads/00000078.jpg,Cycads
Cycads/00000102.JPG,Cycads
Cycads/00000044.jpg,Cycads
Cycads/00000188.jpg,Cycads
Cycads/00000234.jpg,Cycads
Cycads/00000080.jpg,Cycads
Cycads/00000055.jpg,Cycads
Cycads/00000204.jpeg,Cycads
Cycads/00000217.jpg,Cycads
Cycads/00000042.jpg,Cycads
Cycads/00000222.jpg,Cycads
Cycads/00000141.jpg,Cycads
Cycads/00000075.jpg,Cycads
Cycads/00000230.jpg,Cycads
Cycads/00000201.jpg,Cycads
Cycads/00000277.png,Cycads
Cycads/00000148.jpg,Cycads
Cycads/00000020.jpg,Cycads
Cycads/00000031.jpg,Cycads
Cycads/00000059.jpg,Cycads
Cycads/00000050.jpg,Cycads
Cycads/00000189.JPG,Cycads
Cycads/00000051.jpg,Cycads
Cycads/00000136.JPG,Cycads
Cycads/00000065.jpg,Cycads
Cycads/00000210.jpg,Cycads
Cycads/00000268.jpg,Cycads
Cycads/00000134.jpg,Cycads
Cycads/00000154.jpg,Cycads
Cycads/00000171.jpg,Cycads
Cycads/00000174.jpg,Cycads
Cycads/00000095.jpg,Cycads
Cycads/00000133.jpg,Cycads
Cycads/00000123.jpg,Cycads
Cycads/00000179.jpg,Cycads
Cycads/00000130.jpg,Cycads
Cycads/00000003.jpg,Cycads
Cycads/00000267.jpg,Cycads
Cycads/00000151.jpg,Cycads
Cycads/00000275.jpg,Cycads
Cycads/00000185.jpg,Cycads
Cycads/00000101.jpg,Cycads
Cycads/00000052.jpg,Cycads
Cycads/00000071.jpg,Cycads
Cycads/00000193.jpeg,Cycads
Cycads/00000175.jpg,Cycads
Cycads/00000219.jpg,Cycads
Cycads/00000240.jpg,Cycads
Cycads/00000073.jpeg,Cycads
Cycads/00000157.jpg,Cycads
Cycads/00000248.jpg,Cycads
Cycads/00000286.jpg,Cycads
Cycads/00000014.jpg,Cycads
Cycads/00000118.jpg,Cycads
Cycads/00000035.jpg,Cycads
Cycads/00000108.jpg,Cycads
Cycads/00000225.jpg,Cycads
Cycads/00000250.jpg,Cycads
Cycads/00000237.jpg,Cycads
Cycads/00000005.jpg,Cycads
Cycads/00000197.jpg,Cycads
Cycads/00000017.jpg,Cycads
Cycads/00000257.jpeg,Cycads
Cycads/00000156.jpg,Cycads
Cycads/00000143.jpg,Cycads
Cycads/00000000.JPG,Cycads
Cycads/00000036.jpg,Cycads
Cycads/00000254.jpg,Cycads
Cycads/00000109.jpg,Cycads
Cycads/00000233.jpg,Cycads
Cycads/00000113.jpg,Cycads
Cycads/00000246.jpg,Cycads
Cycads/00000255.jpg,Cycads
Cycads/00000205.jpg,Cycads
Cycads/00000160.jpg,Cycads
Cycads/00000287.jpg,Cycads
Cycads/00000218.jpg,Cycads
Cycads/00000092.JPG,Cycads
Cycads/00000026.jpg,Cycads
Cycads/00000116.jpg,Cycads
Cycads/00000158.jpg,Cycads
Cycads/00000224.jpg,Cycads
Cycads/00000015.jpg,Cycads
Cycads/00000049.jpg,Cycads
Cycads/00000231.png,Cycads
Cycads/00000263.jpeg,Cycads
Cycads/00000074.jpg,Cycads
Cycads/00000170.jpg,Cycads
Cycads/00000252.jpg,Cycads
Cycads/00000195.jpg,Cycads
